sentence,picture1,picture2,picture3,picture4
Das Mädchen meint dass Köstlichkeit und ... absolut identisch sind.,37_1_related_JPG.JPG,37_2_JPG.JPG,37_3_JPG.JPG,37_4_JPG.JPG
Die Apothekerin bedauert dass Vollbeschäftigung und ... am Leben nicht zusammenzupassen scheinen.,38_1_JPG.JPG,38_2_JPG.JPG,38_3_JPG.JPG,38_4_JPG.JPG
Der Patient bedauert dass Betrübnis und... Erscheinungen der Krankheit sind.,39_1_JPG.JPG,39_2_JPG.JPG,39_3_JPG.JPG,39_4_JPG.JPG
Die Priesterin beklagt dass Streiterei und ... eine Last für die Gemeinde geworden sind.,40_1_JPG.JPG,40_2_JPG.JPG,40_3_JPG.JPG,40_4_JPG.JPG
Der Schreiber stellt fest dass Antipathie und ...zwei Seiten einer Medaille sind.,41_1_JPG.JPG,41_2_JPG.JPG,41_3_JPG.JPG,41_4_JPG.JPG
Der Tennis-Profi suggeriert dass Arbeitszeit und ... sich gegenseitig ergänzen.,42_1_related_JPG.JPG,42_2_JPG.JPG,42_3_JPG.JPG,42_4_JPG.JPG
Erniedrigung und Entwürdigung sind genauso furchtbar das verteidigte die Soziologin.,43_1_JPG.JPG,43_2_JPG.JPG,43_3_JPG.JPG,43_4_JPG.JPG
Der Schiedsrichter behauptet dass Fairness und Mogelei sicher Teil des Spiels sind.,44_1_related_JPG.JPG,44_2_JPG.JPG,44_3_JPG.JPG,44_4_JPG.JPG
Dissonanz und Wohlklang sind sicher ein Teil meiner sehr großen Werkzeugkiste das bejahte der Gitarrist.,45_1_JPG.JPG,45_2_JPG.JPG,45_3_JPG.JPG,45_4_JPG.JPG
Die Beraterin schreit ironisch dass Arbeitsverträge und Lesevergnügen identisch sind.,46_1_JPG.JPG,46_2_JPG.JPG,46_3_JPG.JPG,46_4_JPG.JPG
Die Gattin erwidert dass Nüchternheit und Pünktlichkeit anders aussehen.,47_1_related_JPG.JPG,47_2_JPG.JPG,47_3_JPG.JPG,47_4_JPG.JPG
Die Bäckerin behauptet dass Pistazien und Erdnüsse bestimmt gleich schmecken.,48_1_related_JPG.JPG,48_2_related_JPG.JPG,48_3_JPG.JPG,48_4_JPG.JPG
die Rettungssanitäterin wird ihren Kollegen ermahnen dass Schlafen und Arbeiten nicht zusammengehören.,49_1_related_JPG.JPG,49_2_related_JPG.JPG,49_3_JPG.JPG,49_4_JPG.JPG
Die Präsidentin wird bekannt geben dass Verschwörung und Veruntreuung eher eine Frage der Perspektive sind.,50_1_JPG.JPG,50_2_JPG.JPG,50_3_JPG.JPG,50_4_JPG.JPG
Das Model wird zu ihrem wütenden Freund meinen dass Anlächeln und Flirten doch nicht dasselbe sind.,51_1_JPG.JPG,51_2_JPG.JPG,51_3_JPG.JPG,51_4_JPG.JPG
Der Nerd wird betonen dass Apple und Windows gar nicht identisch sind.,52_1_related_JPG.JPG,52_2_related_JPG.JPG,52_3_JPG.JPG,52_4_JPG.JPG
Die Nonne wird beklagen dass Vergötterung und Nichtbeachtung heute gang und gäbe sind.,53_1JPG.JPG,53_2_JPG.JPG,53_3_JPG.JPG,53_4_JPG.JPG
Karla wird zu dem Klempner brüllen dass ihm Höflichkeit und Sauberkeit gewiss fremd sind.,54_1_related_JPG.JPG,54_2_related_JPG.JPG,54_3_JPG.JPG,54_4_JPG.JPG
Der Tourist wird betonen dass Feinkost und Italien absolut gleichbedeutend sind.,55_1_related_JPG.JPG,55_2_related_JPG.JPG,55_3_JPG.JPG,55_4_JPG.JPG
Die Mutter wird bekräftigen dass Langeweile und Fernsehen ein und dasselbe sind.,56_1_related_JPG.JPG,56_2_related_JPG.JPG,56_3_JPG.JPG,56_4_JPG.JPG
Gereiztheit und Trinkgeld gehen nie Hand in Hand so scherzte die Kellnerin.,57_1_related_JPG.JPG,57_2_JPG.JPG,57_3_JPG.JPG,57_4_JPG.JPG
Die Erzieherin wird schreien dass Religion und Gehirnwäsche dicht beieinanderliegen.,58_1_related_JPG.JPG,58_2_JPG.JPG,58_3_JPG.JPG,58_4_JPG.JPG
Geduld und Fleiß sind ähnlich wichtig für den Erfolg das erzählte die Malerin.,59_1_JPG.JPG,59_2_JPG.JPG,59_3_JPG.JPG,59_4_JPG.JPG
Der Alkoholiker wird sich damit rechtfertigen dass Arbeitslosigkeit und Suff ganz gut zusammenpassen würden.,60_1_related_JPG.JPG,60_2_related_JPG.JPG,60_3_JPG.JPG,60_4_JPG.JPG
